,Unnamed: 0,file,head,beak,wing,tail,body,leg,full,eyes,image_id
0,0,0left_1.png,0,1,0,0,0,0,0,0.0,1
1,1,0left_10.png,1,1,0,0,0,0,0,0.0,10
2,2,0left_100.png,1,0,0,0,0,0,0,0.0,100
3,3,0left_101.png,0,0,0,0,1,0,0,0.0,101
4,4,0left_102.png,0,1,0,0,0,0,0,0.0,102
5,5,0left_103.png,0,1,0,0,0,0,0,0.0,103
6,6,0left_104.png,0,1,0,0,0,0,0,0.0,104
7,7,0left_105.png,0,1,0,0,0,0,0,0.0,105
8,8,0left_106.png,0,1,0,0,0,0,0,0.0,106
9,9,0left_107.png,0,1,0,0,0,0,0,0.0,107
10,10,0left_108.png,1,0,0,0,1,0,0,0.0,108
11,11,0left_109.png,0,1,0,0,0,0,0,0.0,109
12,12,0left_11.png,0,1,0,0,0,0,0,0.0,11
13,13,0left_110.png,0,1,0,0,0,0,0,0.0,110
14,14,0left_111.png,1,1,1,1,1,0,1,0.0,111
15,15,0left_112.png,1,0,0,0,0,0,0,0.0,112
16,16,0left_113.png,0,1,0,0,0,0,0,0.0,113
17,17,0left_114.png,0,1,0,0,1,0,0,0.0,114
18,18,0left_115.png,1,0,0,0,1,0,0,0.0,115
19,19,0left_116.png,0,0,1,0,0,0,0,0.0,116
20,20,0left_117.png,1,0,0,0,0,0,0,0.0,117
21,21,0left_118.png,1,0,0,0,1,0,0,0.0,118
22,22,0left_119.png,1,0,0,0,0,0,0,0.0,119
23,23,0left_12.png,1,1,0,0,1,0,0,0.0,12
24,24,0left_121.png,0,1,0,0,0,0,0,0.0,121
25,25,0left_122.png,0,1,0,0,0,0,0,0.0,122
26,26,0left_123.png,0,1,0,0,0,0,0,0.0,123
27,27,0left_124.png,1,0,0,0,0,0,0,0.0,124
28,28,0left_125.png,0,1,0,0,0,0,0,0.0,125
29,29,0left_126.png,1,0,0,0,1,0,0,0.0,126
30,30,0left_127.png,0,1,0,0,0,0,0,0.0,127
31,31,0left_128.png,0,0,0,0,1,0,0,0.0,128
32,32,0left_129.png,0,1,0,0,0,0,0,0.0,129
33,33,0left_13.png,0,1,0,0,0,0,0,0.0,13
34,34,0left_130.png,0,0,0,0,1,0,0,0.0,130
35,35,0left_131.png,1,1,0,0,0,0,0,0.0,131
36,36,0left_132.png,0,1,0,0,0,0,0,0.0,132
37,37,0left_133.png,0,1,0,0,0,0,0,0.0,133
38,38,0left_134.png,0,1,0,0,0,0,0,0.0,134
39,39,0left_135.png,0,1,0,0,0,0,0,0.0,135
40,40,0left_136.png,0,1,0,0,0,0,0,0.0,136
41,41,0left_137.png,0,1,0,0,0,0,0,0.0,137
42,42,0left_138.png,0,1,0,0,0,0,0,0.0,138
43,43,0left_139.png,0,1,0,0,0,0,0,0.0,139
44,44,0left_14.png,1,1,0,0,0,0,0,0.0,14
45,45,0left_140.png,0,0,1,0,1,0,0,0.0,140
46,46,0left_141.png,0,0,1,0,1,0,0,0.0,141
47,47,0left_142.png,0,1,0,0,0,0,0,0.0,142
48,48,0left_143.png,0,1,0,0,0,0,0,0.0,143
49,49,0left_144.png,0,1,0,0,0,0,0,0.0,144
50,50,0left_145.png,1,0,0,0,0,0,0,0.0,145
51,51,0left_147.png,0,0,0,0,1,0,0,0.0,147
52,52,0left_148.png,0,0,0,0,1,0,0,0.0,148
53,53,0left_149.png,0,1,0,0,0,0,0,0.0,149
54,54,0left_15.png,0,1,0,0,0,0,0,0.0,15
55,55,0left_150.png,1,0,0,0,1,0,0,0.0,150
56,56,0left_151.png,0,0,1,0,0,0,0,0.0,151
57,57,0left_152.png,1,0,0,0,1,0,0,0.0,152
58,58,0left_153.png,1,1,0,0,1,0,0,0.0,153
59,59,0left_154.png,0,1,0,0,0,0,0,0.0,154
60,60,0left_155.png,0,1,0,0,0,0,0,0.0,155
61,61,0left_156.png,1,0,0,0,0,0,0,0.0,156
62,62,0left_157.png,1,0,0,0,0,0,0,0.0,157
63,63,0left_158.png,0,1,0,0,0,0,0,0.0,158
64,64,0left_159.png,0,0,0,0,1,0,0,0.0,159
65,65,0left_16.png,1,1,0,0,0,0,0,0.0,16
66,66,0left_160.png,0,0,0,0,1,0,0,0.0,160
67,67,0left_161.png,0,0,0,0,1,0,0,0.0,161
68,68,0left_162.png,0,1,0,0,0,0,0,0.0,162
69,69,0left_163.png,1,1,0,0,0,0,0,0.0,163
70,70,0left_164.png,0,0,0,0,1,0,0,0.0,164
71,71,0left_165.png,0,0,0,0,1,0,0,0.0,165
72,72,0left_166.png,1,1,0,0,0,0,0,0.0,166
73,73,0left_167.png,0,1,0,0,0,0,0,0.0,167
74,74,0left_168.png,1,1,0,0,1,0,0,0.0,168
75,75,0left_169.png,1,0,0,0,0,0,0,0.0,169
76,76,0left_17.png,0,0,0,0,1,0,0,0.0,17
77,77,0left_170.png,0,1,0,0,0,0,0,0.0,170
78,78,0left_171.png,1,1,0,0,1,0,0,0.0,171
79,79,0left_172.png,0,0,0,0,0,1,0,0.0,172
80,80,0left_173.png,1,0,0,0,1,0,0,0.0,173
81,81,0left_174.png,0,1,0,0,0,0,0,0.0,174
82,82,0left_175.png,0,1,0,0,0,0,0,0.0,175
83,83,0left_176.png,0,0,0,0,1,0,0,0.0,176
84,84,0left_177.png,0,1,0,0,0,0,0,0.0,177
85,85,0left_178.png,0,1,0,0,0,0,0,0.0,178
86,86,0left_179.png,1,1,0,0,0,0,0,0.0,179
87,87,0left_18.png,0,1,0,0,0,0,0,0.0,18
88,88,0left_180.png,1,1,0,0,0,0,0,,180
89,89,0left_182.png,1,1,0,0,1,0,0,0.0,182
90,90,0left_183.png,1,1,0,0,0,0,0,0.0,183
91,91,0left_184.png,1,1,0,0,1,0,0,0.0,184
92,92,0left_185.png,0,1,0,0,0,0,0,0.0,185
93,93,0left_186.png,0,0,0,0,1,0,0,0.0,186
94,94,0left_187.png,1,0,0,0,1,0,0,0.0,187
95,95,0left_188.png,1,1,0,0,1,0,0,0.0,188
96,96,0left_189.png,1,1,0,0,0,0,0,0.0,189
97,97,0left_19.png,1,0,0,0,0,0,0,0.0,19
98,98,0left_190.png,1,0,0,0,0,0,0,0.0,190
99,99,0left_191.png,0,1,0,0,0,0,0,0.0,191
100,100,0left_192.png,1,0,0,0,0,0,0,0.0,192
101,101,0left_193.png,0,1,0,0,0,0,0,0.0,193
102,102,0left_194.png,0,0,0,0,1,0,0,0.0,194
103,103,0left_195.png,0,1,0,0,0,0,0,0.0,195
104,104,0left_196.png,1,0,0,0,0,0,0,0.0,196
105,105,0left_197.png,1,0,0,0,0,0,0,0.0,197
106,106,0left_198.png,1,1,0,0,0,0,0,0.0,198
107,107,0left_199.png,1,0,0,0,0,0,0,0.0,199
108,108,0left_2.png,0,1,0,0,0,0,0,0.0,2
109,109,0left_20.png,0,1,0,0,0,0,0,0.0,20
110,110,0left_200.png,0,1,0,0,0,0,0,0.0,200
111,111,0left_201.png,1,1,0,0,0,0,0,0.0,201
112,112,0left_202.png,0,1,0,0,0,0,0,0.0,202
113,113,0left_203.png,0,1,0,0,0,0,0,0.0,203
114,114,0left_204.png,1,0,0,0,1,0,0,0.0,204
115,115,0left_205.png,0,1,0,0,0,0,0,0.0,205
116,116,0left_206.png,0,1,0,0,0,0,0,0.0,206
117,117,0left_207.png,0,1,0,0,0,0,0,0.0,207
118,118,0left_208.png,0,0,0,0,1,0,0,0.0,208
119,119,0left_209.png,1,0,0,0,0,0,0,0.0,209
120,120,0left_21.png,1,0,0,0,0,0,0,0.0,21
121,121,0left_210.png,1,0,0,0,0,0,0,0.0,210
122,122,0left_211.png,0,1,0,0,0,0,0,0.0,211
123,123,0left_212.png,0,1,0,0,0,0,0,0.0,212
124,124,0left_213.png,0,1,0,0,1,0,0,0.0,213
125,125,0left_214.png,0,0,0,0,1,0,0,0.0,214
126,126,0left_215.png,0,1,0,0,0,0,0,0.0,215
127,127,0left_216.png,1,0,0,0,0,0,0,0.0,216
128,128,0left_217.png,1,0,0,0,0,0,0,0.0,217
129,129,0left_218.png,1,0,1,1,1,0,1,0.0,218
130,130,0left_219.png,1,0,0,0,1,0,0,0.0,219
131,131,0left_22.png,0,1,0,0,0,0,0,0.0,22
132,132,0left_220.png,1,0,0,0,1,0,0,0.0,220
133,133,0left_221.png,0,0,0,1,0,0,0,0.0,221
134,134,0left_222.png,0,0,0,1,0,0,0,0.0,222
135,135,0left_223.png,0,1,0,0,0,0,0,0.0,223
136,136,0left_224.png,0,0,0,0,0,1,0,0.0,224
137,137,10left_1.png,1,1,1,0,1,0,1,1.0,11
138,138,10left_10.png,1,1,1,1,1,0,1,1.0,110
139,139,10left_100.png,1,1,0,1,1,1,1,1.0,1100
140,140,10left_101.png,1,1,1,1,1,0,1,0.0,1101
141,141,10left_102.png,1,1,1,0,1,0,1,0.0,1102
142,142,10left_105.png,1,1,1,0,1,1,1,1.0,1105
143,143,10left_107.png,1,1,0,1,1,1,1,0.0,1107
144,144,10left_108.png,1,1,1,1,1,0,1,1.0,1108
145,145,10left_109.png,1,1,0,1,1,1,1,0.0,1109
146,146,10left_11.png,1,1,1,1,1,0,1,1.0,111
147,147,10left_110.png,1,1,1,1,1,1,1,1.0,1110
148,148,10left_111.png,1,1,1,1,1,1,1,1.0,1111
149,149,10left_112.png,1,1,1,1,1,1,1,1.0,1112
150,150,10left_115.png,1,1,1,1,1,0,1,1.0,1115
151,151,10left_116.png,1,1,1,1,1,0,1,1.0,1116
152,152,10left_117.png,1,1,1,1,1,0,1,0.0,1117
153,153,10left_118.png,1,0,1,1,1,0,1,0.0,1118
154,154,10left_119.png,1,1,0,1,1,0,1,1.0,1119
155,155,10left_122.png,1,1,1,1,1,0,1,1.0,1122
156,156,10left_123.png,1,1,0,1,1,1,1,0.0,1123
157,157,10left_126.png,1,1,1,1,1,1,1,0.0,1126
158,158,10left_127.png,1,1,1,1,1,0,1,1.0,1127
159,159,10left_128.png,1,1,1,1,1,1,1,0.0,1128
160,160,10left_129.png,1,1,1,1,1,1,1,1.0,1129
161,161,10left_13.png,1,1,1,0,1,1,1,1.0,113
162,162,10left_130.png,1,1,1,1,1,1,1,1.0,1130
163,163,10left_132.png,1,1,1,1,1,1,1,0.0,1132
164,164,10left_133.png,1,1,1,1,1,0,1,0.0,1133
165,165,10left_137.png,1,1,1,1,1,0,1,0.0,1137
166,166,10left_138.png,1,1,1,1,1,1,1,1.0,1138
167,167,10left_139.png,1,1,1,1,1,1,1,1.0,1139
168,168,10left_140.png,1,1,0,1,1,1,1,0.0,1140
169,169,10left_141.png,1,1,1,1,1,0,1,1.0,1141
170,170,10left_142.png,1,1,1,0,1,0,1,1.0,1142
171,171,10left_146.png,1,1,1,1,1,1,1,1.0,1146
172,172,10left_147.png,1,1,1,1,1,0,1,1.0,1147
173,173,10left_148.png,1,1,1,1,1,0,1,1.0,1148
174,174,10left_149.png,1,1,1,1,1,0,1,1.0,1149
175,175,10left_150.png,1,1,1,1,1,0,1,1.0,1150
176,176,10left_151.png,1,1,1,1,1,0,1,0.0,1151
177,177,10left_152.png,1,1,1,1,1,0,1,1.0,1152
178,178,10left_154.png,1,1,1,1,1,1,1,1.0,1154
179,179,10left_155.png,1,1,1,1,1,0,1,0.0,1155
180,180,10left_157.png,1,1,1,1,1,0,1,0.0,1157
181,181,10left_158.png,1,1,0,1,1,0,1,1.0,1158
182,182,10left_159.png,1,1,1,0,1,0,1,0.0,1159
183,183,10left_16.png,1,1,1,0,1,1,1,1.0,116
184,184,10left_160.png,0,1,1,1,1,0,1,1.0,1160
185,185,10left_161.png,1,1,1,1,1,1,1,0.0,1161
186,186,10left_162.png,1,1,1,1,1,1,1,0.0,1162
187,187,10left_164.png,1,1,1,1,1,1,1,1.0,1164
188,188,10left_165.png,1,1,1,1,1,0,1,1.0,1165
189,189,10left_167.png,1,1,1,1,1,1,1,1.0,1167
190,190,10left_168.png,1,1,1,1,1,1,1,1.0,1168
191,191,10left_17.png,1,1,1,1,1,0,1,0.0,117
192,192,10left_170.png,1,1,1,1,1,1,1,1.0,1170
193,193,10left_171.png,1,1,1,1,1,0,1,1.0,1171
194,194,10left_172.png,1,1,1,0,1,1,1,0.0,1172
195,195,10left_173.png,1,1,1,1,1,0,1,1.0,1173
196,196,10left_174.png,1,1,1,1,1,1,1,1.0,1174
197,197,10left_175.png,1,1,1,1,1,1,1,1.0,1175
198,198,10left_176.png,1,1,1,1,1,0,1,1.0,1176
199,199,10left_178.png,1,1,1,1,1,0,1,1.0,1178
200,200,10left_179.png,1,1,1,1,1,1,1,1.0,1179
201,201,10left_18.png,1,1,0,1,1,1,1,0.0,118
202,202,10left_181.png,1,1,1,0,1,0,1,0.0,1181
203,203,10left_185.png,1,1,1,1,1,1,1,0.0,1185
204,204,10left_187.png,1,0,1,1,1,0,1,0.0,1187
205,205,10left_189.png,1,1,1,1,1,1,1,1.0,1189
206,206,10left_19.png,1,1,0,0,1,1,1,0.0,119
207,207,10left_190.png,1,1,1,1,1,1,1,1.0,1190
208,208,10left_191.png,1,1,1,1,1,1,1,1.0,1191
209,209,10left_192.png,1,1,1,1,1,0,1,1.0,1192
210,210,10left_193.png,1,1,1,1,1,1,1,0.0,1193
211,211,10left_194.png,1,1,1,1,1,0,1,1.0,1194
212,212,10left_195.png,1,1,0,1,1,1,1,1.0,1195
213,213,10left_196.png,1,1,1,0,1,0,1,1.0,1196
214,214,10left_197.png,1,0,1,1,1,0,1,0.0,1197
215,215,10left_2.png,1,1,1,1,1,0,1,1.0,12
216,216,10left_20.png,1,1,1,0,1,1,1,0.0,120
217,217,10left_200.png,1,1,1,1,1,0,1,0.0,1200
218,218,10left_201.png,1,1,0,0,1,1,1,1.0,1201
219,219,10left_202.png,1,1,1,1,1,0,1,1.0,1202
220,220,10left_203.png,1,1,0,1,1,1,1,0.0,1203
221,221,10left_204.png,1,1,1,1,1,0,1,0.0,1204
222,222,10left_205.png,1,1,1,1,1,0,1,1.0,1205
223,223,10left_206.png,1,1,1,1,1,1,1,1.0,1206
224,224,10left_209.png,1,1,1,1,1,1,1,1.0,1209
225,225,10left_210.png,1,1,1,1,1,0,1,1.0,1210
226,226,10left_215.png,1,1,0,1,1,1,1,0.0,1215
227,227,10left_216.png,1,1,0,0,1,1,1,1.0,1216
228,228,10left_219.png,1,1,1,1,1,0,1,1.0,1219
229,229,10left_22.png,1,1,1,1,1,0,1,0.0,122
230,230,10left_220.png,1,1,0,1,1,1,1,1.0,1220
231,231,10left_222.png,1,1,1,1,1,0,1,0.0,1222
232,232,10left_224.png,0,0,1,0,1,1,0,0.0,1224
233,233,11left_1.png,1,1,1,1,1,0,1,1.0,11
234,234,11left_100.png,1,1,0,1,1,1,1,1.0,1100
235,235,11left_101.png,1,1,1,1,1,0,1,0.0,1101
236,236,11left_102.png,1,1,1,0,1,0,1,0.0,1102
237,237,11left_105.png,1,1,1,1,1,1,1,1.0,1105
238,238,11left_107.png,1,1,0,1,1,1,1,1.0,1107
239,239,11left_108.png,1,1,1,1,1,0,1,1.0,1108
240,240,11left_109.png,1,1,0,1,1,1,1,0.0,1109
241,241,11left_11.png,1,1,1,1,1,0,1,1.0,111
242,242,11left_111.png,1,1,1,1,1,1,1,1.0,1111
243,243,11left_115.png,1,1,1,1,1,0,1,1.0,1115
244,244,11left_116.png,1,1,1,1,1,0,1,1.0,1116
245,245,11left_117.png,1,1,1,1,1,0,1,0.0,1117
246,246,11left_118.png,1,1,1,1,1,0,1,0.0,1118
247,247,11left_122.png,1,1,1,0,1,1,1,1.0,1122
248,248,11left_123.png,1,1,0,1,1,1,1,0.0,1123
249,249,11left_126.png,1,1,1,1,1,1,1,0.0,1126
250,250,11left_127.png,1,1,1,0,1,0,1,1.0,1127
251,251,11left_128.png,1,1,1,1,1,1,1,0.0,1128
252,252,11left_129.png,1,1,1,1,1,1,1,1.0,1129
253,253,11left_13.png,1,1,1,0,1,1,1,1.0,113
254,254,11left_130.png,1,1,1,1,1,1,1,1.0,1130
255,255,11left_132.png,1,1,1,1,1,1,1,0.0,1132
256,256,11left_133.png,1,1,1,1,1,0,1,0.0,1133
257,257,11left_137.png,1,1,1,1,1,0,1,1.0,1137
258,258,11left_138.png,1,1,1,1,1,1,1,1.0,1138
259,259,11left_139.png,1,1,1,1,1,1,1,1.0,1139
260,260,11left_140.png,1,1,0,1,1,1,1,1.0,1140
261,261,11left_141.png,1,1,1,1,1,0,1,1.0,1141
262,262,11left_142.png,1,1,1,1,1,0,1,1.0,1142
263,263,11left_143.png,1,1,1,1,1,1,1,1.0,1143
264,264,11left_146.png,1,1,1,1,1,1,1,1.0,1146
265,265,11left_147.png,1,1,0,1,1,1,1,1.0,1147
266,266,11left_148.png,1,1,0,1,1,0,1,1.0,1148
267,267,11left_149.png,1,1,0,1,1,0,1,1.0,1149
268,268,11left_150.png,1,1,1,1,1,0,1,1.0,1150
269,269,11left_151.png,1,1,1,1,1,0,1,0.0,1151
270,270,11left_152.png,1,1,1,1,1,0,1,1.0,1152
271,271,11left_154.png,1,1,1,1,1,1,1,1.0,1154
272,272,11left_155.png,1,1,1,1,1,0,1,0.0,1155
273,273,11left_157.png,1,1,1,1,1,0,1,0.0,1157
274,274,11left_158.png,1,1,1,1,1,0,1,1.0,1158
275,275,11left_159.png,1,1,1,0,1,0,1,1.0,1159
276,276,11left_16.png,1,1,1,1,1,1,1,1.0,116
277,277,11left_160.png,1,1,1,1,1,0,1,1.0,1160
278,278,11left_161.png,1,1,1,1,1,1,1,0.0,1161
279,279,11left_162.png,1,1,1,1,1,1,1,0.0,1162
280,280,11left_164.png,1,1,1,1,1,1,1,1.0,1164
281,281,11left_165.png,1,1,1,1,1,0,1,1.0,1165
282,282,11left_168.png,1,1,1,1,1,1,1,1.0,1168
283,283,11left_17.png,1,1,1,1,1,0,1,1.0,117
284,284,11left_170.png,1,1,1,1,1,1,1,1.0,1170
285,285,11left_171.png,1,1,1,1,1,1,1,1.0,1171
286,286,11left_172.png,1,1,1,0,1,1,1,0.0,1172
287,287,11left_173.png,1,1,1,1,1,0,1,1.0,1173
288,288,11left_174.png,1,1,1,1,1,1,1,1.0,1174
289,289,11left_175.png,1,1,1,1,1,1,1,1.0,1175
290,290,11left_176.png,1,1,1,1,1,0,1,1.0,1176
291,291,11left_178.png,1,1,1,1,1,1,1,1.0,1178
292,292,11left_18.png,1,1,0,1,1,1,1,0.0,118
293,293,11left_185.png,1,1,0,1,1,1,1,1.0,1185
294,294,11left_187.png,1,0,1,1,1,0,1,1.0,1187
295,295,11left_19.png,1,1,0,0,1,1,1,1.0,119
296,296,11left_190.png,1,1,1,1,1,1,1,1.0,1190
297,297,11left_192.png,1,1,1,1,1,0,1,1.0,1192
298,298,11left_193.png,1,1,1,1,1,1,1,0.0,1193
299,299,11left_194.png,1,1,1,1,1,1,1,1.0,1194
300,300,11left_196.png,1,1,1,1,1,0,1,1.0,1196
301,301,11left_197.png,1,1,1,1,1,0,1,0.0,1197
302,302,11left_2.png,1,1,1,1,1,0,1,1.0,12
303,303,11left_20.png,1,1,1,0,1,1,1,0.0,120
304,304,11left_200.png,1,1,1,1,1,0,1,0.0,1200
305,305,11left_201.png,1,1,0,1,1,0,1,1.0,1201
306,306,11left_202.png,1,1,1,1,1,1,1,1.0,1202
307,307,11left_203.png,1,1,0,1,1,1,1,0.0,1203
308,308,11left_204.png,1,1,1,1,1,0,1,0.0,1204
309,309,11left_205.png,1,1,1,1,1,1,1,1.0,1205
310,310,11left_209.png,1,1,1,1,1,1,1,1.0,1209
311,311,11left_210.png,1,1,1,1,1,1,1,1.0,1210
312,312,11left_216.png,1,1,0,0,1,1,1,1.0,1216
313,313,11left_219.png,1,1,1,1,1,0,1,1.0,1219
314,314,11left_22.png,1,1,1,1,1,0,1,0.0,122
315,315,11left_220.png,1,1,0,1,1,1,1,1.0,1220
316,316,11left_222.png,1,1,1,1,1,0,1,0.0,1222
317,317,11left_224.png,0,0,1,0,1,1,0,1.0,1224
318,318,12left_1.png,1,1,1,0,1,0,1,1.0,11
319,319,12left_100.png,1,1,0,1,1,1,1,1.0,1100
320,320,12left_101.png,1,1,1,1,1,0,1,0.0,1101
321,321,12left_102.png,1,1,1,1,1,0,1,0.0,1102
322,322,12left_108.png,1,1,1,1,1,0,1,1.0,1108
323,323,12left_109.png,1,1,0,1,1,1,1,,1109
324,324,12left_111.png,1,0,1,1,1,1,1,1.0,1111
325,325,12left_115.png,1,1,1,1,1,1,1,1.0,1115
326,326,12left_116.png,1,1,1,1,1,0,1,1.0,1116
327,327,12left_117.png,1,1,1,1,1,0,1,0.0,1117
328,328,12left_118.png,1,1,1,1,1,0,1,0.0,1118
329,329,12left_119.png,1,1,0,1,1,1,1,1.0,1119
330,330,12left_122.png,1,1,1,0,1,1,1,1.0,1122
331,331,12left_123.png,1,1,0,1,1,1,1,1.0,1123
332,332,12left_126.png,1,1,1,1,1,1,1,0.0,1126
333,333,12left_127.png,1,1,1,1,1,0,1,1.0,1127
334,334,12left_128.png,1,1,1,1,1,1,1,1.0,1128
335,335,12left_129.png,1,1,1,1,1,1,1,1.0,1129
336,336,12left_13.png,1,1,1,1,1,1,1,1.0,113
337,337,12left_132.png,1,1,1,1,1,1,1,0.0,1132
338,338,12left_133.png,1,1,1,1,1,0,1,0.0,1133
339,339,12left_137.png,1,1,1,1,1,1,1,1.0,1137
340,340,12left_138.png,1,1,1,1,1,1,1,1.0,1138
341,341,12left_139.png,1,1,1,1,1,1,1,1.0,1139
342,342,12left_140.png,1,1,1,1,1,1,1,1.0,1140
343,343,12left_141.png,1,1,1,0,1,0,1,1.0,1141
344,344,12left_142.png,1,1,1,0,1,0,1,1.0,1142
345,345,12left_146.png,1,1,1,1,1,1,1,1.0,1146
346,346,12left_147.png,1,1,1,1,1,0,1,1.0,1147
347,347,12left_148.png,1,1,1,1,1,0,1,1.0,1148
348,348,12left_149.png,1,1,0,1,1,0,1,1.0,1149
349,349,12left_150.png,1,1,1,1,1,0,1,1.0,1150
350,350,12left_151.png,1,1,1,1,1,1,1,0.0,1151
351,351,12left_152.png,1,1,1,1,1,0,1,1.0,1152
352,352,12left_154.png,1,1,1,1,1,1,1,1.0,1154
353,353,12left_155.png,1,1,1,1,1,0,1,0.0,1155
354,354,12left_157.png,1,1,1,1,1,0,1,0.0,1157
355,355,12left_158.png,1,1,1,1,1,1,1,1.0,1158
356,356,12left_159.png,1,1,1,0,1,0,1,1.0,1159
357,357,12left_16.png,1,1,1,1,1,1,1,1.0,116
358,358,12left_160.png,1,1,1,1,1,0,1,0.0,1160
359,359,12left_161.png,1,1,1,1,1,1,1,0.0,1161
360,360,12left_162.png,1,1,0,1,1,1,1,0.0,1162
361,361,12left_164.png,1,1,1,1,1,1,1,1.0,1164
362,362,12left_165.png,1,1,1,1,1,0,1,1.0,1165
363,363,12left_168.png,1,1,1,1,1,1,1,1.0,1168
364,364,12left_17.png,1,1,1,1,1,0,1,1.0,117
365,365,12left_170.png,1,1,1,1,1,1,1,1.0,1170
366,366,12left_171.png,1,1,1,1,1,1,1,1.0,1171
367,367,12left_172.png,1,1,1,0,1,1,1,0.0,1172
368,368,12left_173.png,1,1,1,1,1,1,1,1.0,1173
369,369,12left_174.png,1,1,1,1,1,1,1,1.0,1174
370,370,12left_175.png,1,1,1,1,1,1,1,1.0,1175
371,371,12left_176.png,1,1,1,1,1,1,1,1.0,1176
372,372,12left_178.png,1,1,1,1,1,1,1,1.0,1178
373,373,12left_18.png,1,1,0,0,1,1,1,0.0,118
374,374,12left_181.png,1,1,1,1,1,0,1,0.0,1181
375,375,12left_185.png,1,1,1,1,1,1,1,1.0,1185
376,376,12left_187.png,1,0,1,1,1,0,1,0.0,1187
377,377,12left_192.png,1,1,1,1,1,1,1,1.0,1192
378,378,12left_193.png,1,1,1,1,1,1,1,1.0,1193
379,379,12left_194.png,1,1,1,1,1,1,1,1.0,1194
380,380,12left_196.png,1,1,1,1,1,0,1,1.0,1196
381,381,12left_197.png,1,1,1,1,1,0,1,1.0,1197
382,382,12left_2.png,1,1,1,1,1,1,1,1.0,12
383,383,12left_20.png,1,1,1,0,1,1,1,0.0,120
384,384,12left_200.png,1,1,1,1,1,0,1,0.0,1200
385,385,12left_201.png,1,1,0,1,1,1,1,1.0,1201
386,386,12left_202.png,1,1,1,1,1,1,1,1.0,1202
387,387,12left_203.png,1,1,0,1,1,1,1,1.0,1203
388,388,12left_204.png,1,1,1,1,1,0,1,0.0,1204
389,389,12left_205.png,1,1,1,1,1,1,1,1.0,1205
390,390,12left_210.png,1,1,1,1,1,1,1,1.0,1210
391,391,12left_216.png,1,1,1,0,1,1,1,1.0,1216
392,392,12left_219.png,1,1,1,1,1,0,1,1.0,1219
393,393,12left_22.png,1,1,1,1,1,0,1,1.0,122
394,394,12left_222.png,1,1,1,1,1,0,1,0.0,1222
395,395,12left_224.png,0,0,1,1,1,1,1,1.0,1224
396,396,13left_1.png,1,1,1,0,1,1,1,1.0,11
397,397,13left_100.png,1,1,0,1,1,1,1,1.0,1100
398,398,13left_101.png,1,1,1,1,1,0,1,0.0,1101
399,399,13left_102.png,1,1,1,1,1,0,1,0.0,1102
400,400,13left_108.png,1,1,1,1,1,1,1,1.0,1108
401,401,13left_109.png,1,1,0,1,1,1,1,0.0,1109
402,402,13left_11.png,1,1,1,1,1,1,1,1.0,111
403,403,13left_111.png,1,0,1,1,1,1,1,1.0,1111
404,404,13left_115.png,1,1,1,1,1,1,1,1.0,1115
405,405,13left_117.png,1,1,1,1,1,0,1,0.0,1117
406,406,13left_118.png,1,1,1,1,1,0,1,1.0,1118
407,407,13left_119.png,1,1,1,1,1,0,1,1.0,1119
408,408,13left_122.png,1,1,1,0,1,1,1,1.0,1122
409,409,13left_126.png,1,1,1,1,1,1,1,0.0,1126
410,410,13left_127.png,1,1,1,1,1,1,1,1.0,1127
411,411,13left_128.png,1,1,1,1,1,1,1,1.0,1128
412,412,13left_129.png,1,1,1,1,1,1,1,1.0,1129
413,413,13left_13.png,1,1,1,1,1,1,1,1.0,113
414,414,13left_132.png,1,1,1,1,1,1,1,1.0,1132
415,415,13left_133.png,1,1,1,1,1,0,1,0.0,1133
416,416,13left_137.png,1,1,1,1,1,1,1,1.0,1137
417,417,13left_138.png,1,1,1,1,1,1,1,1.0,1138
418,418,13left_139.png,1,1,1,1,1,1,1,1.0,1139
419,419,13left_141.png,1,1,1,1,1,0,1,1.0,1141
420,420,13left_142.png,1,1,1,1,1,0,1,1.0,1142
421,421,13left_145.png,1,1,1,1,1,1,1,0.0,1145
422,422,13left_146.png,1,1,1,1,1,1,1,1.0,1146
423,423,13left_147.png,1,1,1,1,1,0,1,1.0,1147
424,424,13left_149.png,1,1,1,1,1,1,1,1.0,1149
425,425,13left_150.png,1,1,1,1,1,0,1,1.0,1150
426,426,13left_151.png,1,1,1,1,1,0,1,0.0,1151
427,427,13left_152.png,1,1,1,1,1,0,1,1.0,1152
428,428,13left_155.png,1,1,1,1,1,0,1,1.0,1155
429,429,13left_157.png,1,1,1,1,1,1,1,0.0,1157
430,430,13left_158.png,1,1,1,1,1,1,1,1.0,1158
431,431,13left_159.png,1,1,1,1,1,0,1,1.0,1159
432,432,13left_160.png,1,1,1,1,1,0,1,1.0,1160
433,433,13left_161.png,1,1,1,1,1,1,1,1.0,1161
434,434,13left_162.png,1,1,0,1,1,1,1,0.0,1162
435,435,13left_165.png,1,1,1,1,1,0,1,1.0,1165
436,436,13left_17.png,1,1,1,1,1,0,1,1.0,117
437,437,13left_170.png,1,1,1,1,1,1,1,1.0,1170
438,438,13left_171.png,1,1,1,1,1,1,1,1.0,1171
439,439,13left_172.png,1,1,1,1,1,1,1,0.0,1172
440,440,13left_173.png,1,1,1,1,1,1,1,1.0,1173
441,441,13left_174.png,1,1,1,1,1,1,1,1.0,1174
442,442,13left_175.png,1,1,1,1,1,1,1,1.0,1175
443,443,13left_176.png,1,1,1,1,1,1,1,1.0,1176
444,444,13left_18.png,1,1,1,0,1,1,1,1.0,118
445,445,13left_181.png,1,1,1,1,1,1,1,0.0,1181
446,446,13left_185.png,1,1,1,1,1,1,1,1.0,1185
447,447,13left_187.png,1,0,1,1,1,1,1,0.0,1187
448,448,13left_192.png,1,1,1,1,1,1,1,1.0,1192
449,449,13left_194.png,1,1,1,1,1,1,1,1.0,1194
450,450,13left_196.png,1,1,1,0,1,1,1,1.0,1196
451,451,13left_197.png,1,1,1,1,1,0,1,1.0,1197
452,452,13left_2.png,1,1,1,1,1,1,1,1.0,12
453,453,13left_20.png,1,1,1,1,1,1,1,0.0,120
454,454,13left_200.png,1,1,1,1,1,0,1,0.0,1200
455,455,13left_202.png,1,1,1,1,1,1,1,1.0,1202
456,456,13left_203.png,1,1,0,1,1,1,1,1.0,1203
457,457,13left_204.png,1,1,1,1,1,0,1,0.0,1204
458,458,13left_205.png,1,1,1,1,1,1,1,1.0,1205
459,459,13left_210.png,1,1,1,1,1,1,1,1.0,1210
460,460,13left_216.png,1,1,1,1,1,1,1,1.0,1216
461,461,13left_219.png,1,1,1,1,1,1,1,1.0,1219
462,462,13left_22.png,1,1,1,1,1,0,1,1.0,122
463,463,13left_222.png,1,1,1,1,1,0,1,1.0,1222
464,464,13left_224.png,0,1,1,1,1,1,1,1.0,1224
465,465,14left_1.png,1,1,1,1,1,1,1,1.0,11
466,466,14left_100.png,1,1,0,1,1,1,1,1.0,1100
467,467,14left_101.png,1,1,1,1,1,1,1,0.0,1101
468,468,14left_102.png,1,1,1,1,1,1,1,0.0,1102
469,469,14left_108.png,1,1,1,1,1,1,1,1.0,1108
470,470,14left_109.png,1,1,0,1,1,1,1,1.0,1109
471,471,14left_11.png,1,1,1,1,1,1,1,1.0,111
472,472,14left_111.png,1,1,1,1,1,1,1,1.0,1111
473,473,14left_115.png,1,1,1,1,1,1,1,1.0,1115
474,474,14left_117.png,1,1,1,1,1,0,1,0.0,1117
475,475,14left_126.png,1,1,1,1,1,1,1,0.0,1126
476,476,14left_127.png,1,1,1,1,1,1,1,1.0,1127
477,477,14left_128.png,1,1,1,1,1,1,1,1.0,1128
478,478,14left_129.png,1,1,1,1,1,1,1,1.0,1129
479,479,14left_132.png,1,1,1,1,1,1,1,1.0,1132
480,480,14left_133.png,1,1,1,1,1,1,1,0.0,1133
481,481,14left_137.png,1,1,1,1,1,1,1,1.0,1137
482,482,14left_138.png,1,1,1,1,1,1,1,1.0,1138
483,483,14left_139.png,1,1,1,1,1,1,1,1.0,1139
484,484,14left_141.png,1,1,1,1,1,1,1,1.0,1141
485,485,14left_142.png,1,1,1,1,1,0,1,1.0,1142
486,486,14left_145.png,1,1,1,1,1,1,1,0.0,1145
487,487,14left_146.png,1,1,1,1,1,1,1,1.0,1146
488,488,14left_147.png,1,1,1,1,1,0,1,1.0,1147
489,489,14left_149.png,1,1,1,1,1,1,1,1.0,1149
490,490,14left_150.png,1,1,1,1,1,0,1,1.0,1150
491,491,14left_151.png,1,1,1,1,1,1,1,0.0,1151
492,492,14left_152.png,1,1,1,1,1,0,1,1.0,1152
493,493,14left_155.png,1,1,1,1,1,1,1,1.0,1155
494,494,14left_157.png,1,1,1,1,1,1,1,0.0,1157
495,495,14left_159.png,1,1,1,1,1,1,1,1.0,1159
496,496,14left_160.png,1,1,1,1,1,1,1,1.0,1160
497,497,14left_161.png,1,1,1,1,1,1,1,1.0,1161
498,498,14left_162.png,1,1,1,1,1,1,1,1.0,1162
499,499,1left_1.png,1,1,0,0,0,0,0,0.0,1
500,500,1left_10.png,1,1,0,0,0,0,0,0.0,10
501,501,1left_100.png,1,1,0,0,0,0,0,0.0,100
502,502,1left_101.png,0,0,0,0,1,0,0,0.0,101
503,503,1left_102.png,1,1,0,0,0,0,0,0.0,102
504,504,1left_103.png,1,1,0,0,0,0,0,0.0,103
505,505,1left_104.png,0,1,0,0,0,0,0,0.0,104
506,506,1left_105.png,1,1,0,0,0,0,0,0.0,105
507,507,1left_106.png,1,1,0,0,0,0,0,0.0,106
508,508,1left_107.png,1,1,0,0,0,0,0,0.0,107
509,509,1left_108.png,1,1,1,1,1,0,1,0.0,108
510,510,1left_109.png,0,1,0,0,0,0,0,0.0,109
511,511,1left_11.png,1,1,0,0,0,0,0,0.0,11
512,512,1left_110.png,0,1,0,0,0,0,0,0.0,110
513,513,1left_111.png,1,1,0,0,1,0,0,0.0,111
514,514,1left_112.png,1,1,0,0,0,0,0,0.0,112
515,515,1left_113.png,0,1,0,0,0,0,0,0.0,113
516,516,1left_114.png,1,1,0,0,1,0,0,0.0,114
517,517,1left_115.png,1,0,0,0,1,0,0,0.0,115
518,518,1left_116.png,1,0,0,0,1,0,0,0.0,116
519,519,1left_117.png,1,1,0,0,0,0,0,0.0,117
520,520,1left_118.png,1,0,0,0,1,0,0,0.0,118
521,521,1left_119.png,1,1,0,0,0,0,0,0.0,119
522,522,1left_12.png,1,1,0,0,1,0,0,0.0,12
523,523,1left_121.png,1,1,0,0,1,0,0,0.0,121
524,524,1left_122.png,0,1,0,0,0,0,0,0.0,122
525,525,1left_123.png,0,1,0,0,0,0,0,0.0,123
526,526,1left_124.png,1,1,0,0,1,0,0,0.0,124
527,527,1left_125.png,1,1,0,0,0,0,0,0.0,125
528,528,1left_126.png,1,0,0,0,1,0,0,0.0,126
529,529,1left_127.png,0,1,0,0,0,0,0,0.0,127
530,530,1left_128.png,0,0,0,0,1,0,0,0.0,128
531,531,1left_129.png,0,1,0,0,0,0,0,0.0,129
532,532,1left_13.png,0,1,0,0,0,0,0,0.0,13
533,533,1left_130.png,1,1,0,0,1,0,0,0.0,130
534,534,1left_131.png,1,1,0,0,1,0,0,0.0,131
535,535,1left_132.png,0,1,0,0,0,0,0,0.0,132
536,536,1left_133.png,0,1,0,0,0,0,0,0.0,133
537,537,1left_134.png,1,1,0,0,1,0,0,0.0,134
538,538,1left_135.png,0,1,0,0,0,0,0,0.0,135
539,539,1left_136.png,1,1,0,0,0,0,0,0.0,136
540,540,1left_137.png,1,1,0,0,1,0,0,0.0,137
541,541,1left_138.png,1,1,0,0,0,0,0,0.0,138
542,542,1left_139.png,0,1,0,0,0,0,0,0.0,139
543,543,1left_14.png,1,1,0,0,0,0,0,1.0,14
544,544,1left_140.png,0,0,0,0,1,1,0,0.0,140
545,545,1left_141.png,0,0,1,0,0,0,0,0.0,141
546,546,1left_142.png,1,1,0,0,0,0,0,0.0,142
547,547,1left_143.png,1,1,0,0,1,0,0,0.0,143
548,548,1left_144.png,1,1,0,0,0,0,0,0.0,144
549,549,1left_145.png,1,1,0,0,0,0,0,0.0,145
550,550,1left_146.png,1,1,0,0,0,0,0,0.0,146
551,551,1left_147.png,0,0,0,0,1,0,0,0.0,147
552,552,1left_148.png,0,0,0,0,1,0,0,0.0,148
553,553,1left_149.png,1,1,0,0,0,0,0,0.0,149
554,554,1left_15.png,1,1,0,0,0,0,0,0.0,15
555,555,1left_150.png,1,1,0,0,0,0,0,0.0,150
556,556,1left_151.png,0,0,0,0,1,0,0,0.0,151
557,557,1left_152.png,1,0,1,0,1,0,0,0.0,152
558,558,1left_153.png,1,1,0,0,1,0,0,0.0,153
559,559,1left_154.png,1,1,0,0,0,0,0,0.0,154
560,560,1left_155.png,0,1,0,0,0,0,0,0.0,155
561,561,1left_156.png,1,1,0,0,0,0,0,0.0,156
562,562,1left_157.png,0,1,0,0,0,0,0,0.0,157
563,563,1left_158.png,0,1,0,0,0,0,0,0.0,158
564,564,1left_159.png,0,0,1,0,1,0,0,0.0,159
565,565,1left_16.png,1,1,0,0,0,0,0,0.0,16
566,566,1left_160.png,1,0,0,0,1,0,0,0.0,160
567,567,1left_161.png,1,1,0,0,1,0,0,0.0,161
568,568,1left_162.png,1,1,0,1,1,0,0,0.0,162
569,569,1left_163.png,1,1,0,0,1,0,0,0.0,163
570,570,1left_164.png,0,0,0,0,1,0,0,0.0,164
571,571,1left_165.png,1,1,0,0,1,0,0,0.0,165
572,572,1left_166.png,1,1,0,0,0,0,0,0.0,166
573,573,1left_167.png,0,1,0,0,0,0,0,0.0,167
574,574,1left_168.png,1,1,0,0,0,0,0,0.0,168
575,575,1left_169.png,1,1,0,0,0,0,0,0.0,169
576,576,1left_17.png,0,1,0,0,1,0,0,0.0,17
577,577,1left_170.png,0,1,0,0,0,0,0,0.0,170
578,578,1left_171.png,1,1,0,0,1,0,0,0.0,171
579,579,1left_172.png,0,0,0,0,0,1,0,0.0,172
580,580,1left_173.png,1,1,0,0,1,0,0,0.0,173
581,581,1left_174.png,0,1,0,0,0,0,0,0.0,174
582,582,1left_175.png,0,1,0,0,0,0,0,0.0,175
583,583,1left_176.png,1,0,0,0,1,0,0,0.0,176
584,584,1left_177.png,1,1,0,0,0,0,0,0.0,177
585,585,1left_178.png,1,1,0,0,0,0,0,0.0,178
586,586,1left_179.png,1,1,0,0,0,0,0,0.0,179
587,587,1left_18.png,0,1,0,0,0,0,0,0.0,18
588,588,1left_180.png,1,1,0,0,0,0,0,0.0,180
589,589,1left_181.png,1,1,0,0,0,0,0,0.0,181
590,590,1left_182.png,1,1,0,0,1,0,0,0.0,182
591,591,1left_183.png,1,1,0,0,1,0,0,0.0,183
592,592,1left_184.png,1,1,0,1,1,0,0,0.0,184
593,593,1left_185.png,0,1,0,0,0,0,0,0.0,185
594,594,1left_186.png,0,1,0,0,1,0,0,0.0,186
595,595,1left_187.png,1,0,0,0,1,0,0,0.0,187
596,596,1left_188.png,1,1,0,0,1,0,0,0.0,188
597,597,1left_189.png,1,1,0,0,0,0,0,0.0,189
598,598,1left_19.png,1,1,0,0,0,0,0,0.0,19
599,599,1left_190.png,1,1,0,0,0,0,0,0.0,190
600,600,1left_191.png,1,1,0,0,0,0,0,0.0,191
601,601,1left_192.png,1,1,0,0,0,0,0,0.0,192
602,602,1left_193.png,1,1,0,0,1,0,0,0.0,193
603,603,1left_194.png,0,1,0,0,1,0,0,0.0,194
604,604,1left_195.png,0,1,0,0,0,0,0,0.0,195
605,605,1left_196.png,1,0,0,0,0,0,0,0.0,196
606,606,1left_197.png,0,0,0,0,1,0,0,0.0,197
607,607,1left_198.png,1,1,0,0,1,0,1,0.0,198
608,608,1left_199.png,1,1,0,0,0,0,0,0.0,199
609,609,1left_2.png,1,1,0,0,0,0,0,0.0,2
610,610,1left_20.png,0,1,0,0,0,0,0,0.0,20
611,611,1left_200.png,1,1,0,0,1,0,0,0.0,200
612,612,1left_201.png,1,1,0,0,1,0,0,0.0,201
613,613,1left_202.png,0,1,0,0,0,0,0,0.0,202
614,614,1left_203.png,0,1,0,0,0,0,0,0.0,203
615,615,1left_204.png,1,0,1,1,1,0,0,0.0,204
616,616,1left_205.png,0,1,0,0,0,0,0,0.0,205
617,617,1left_206.png,0,1,0,0,0,0,0,0.0,206
618,618,1left_207.png,1,1,0,0,1,0,0,0.0,207
619,619,1left_208.png,0,1,0,0,1,0,0,0.0,208
620,620,1left_209.png,0,0,0,0,1,0,0,0.0,209
621,621,1left_21.png,1,1,0,0,0,0,0,0.0,21
622,622,1left_210.png,1,1,0,0,1,0,0,0.0,210
623,623,1left_211.png,1,1,0,0,0,0,0,0.0,211
624,624,1left_212.png,1,1,0,0,0,0,0,0.0,212
625,625,1left_213.png,1,1,0,0,0,0,0,0.0,213
626,626,1left_214.png,0,0,0,0,1,0,0,0.0,214
627,627,1left_215.png,1,1,0,0,0,0,0,0.0,215
628,628,1left_216.png,1,1,0,0,0,0,0,0.0,216
629,629,1left_217.png,1,1,0,0,0,0,0,0.0,217
630,630,1left_218.png,1,1,0,1,1,0,0,0.0,218
631,631,1left_219.png,1,0,0,1,1,0,0,0.0,219
632,632,1left_22.png,1,1,0,0,1,0,0,0.0,22
633,633,1left_220.png,1,1,0,0,1,0,0,0.0,220
634,634,1left_221.png,0,0,0,1,0,0,0,0.0,221
635,635,1left_222.png,1,1,0,0,0,0,0,0.0,222
636,636,1left_223.png,1,1,0,0,1,0,0,0.0,223
637,637,1left_224.png,0,0,0,0,0,1,0,0.0,224
638,638,2left_1.png,1,1,0,0,0,0,0,0.0,1
639,639,2left_10.png,1,1,0,0,0,0,0,1.0,10
640,640,2left_100.png,1,1,0,0,0,0,0,0.0,100
641,641,2left_101.png,1,1,0,0,1,0,0,0.0,101
642,642,2left_102.png,1,1,0,0,0,0,0,0.0,102
643,643,2left_103.png,1,1,0,0,1,0,0,0.0,103
644,644,2left_104.png,1,1,0,0,0,0,0,0.0,104
645,645,2left_105.png,1,1,0,0,0,0,0,0.0,105
646,646,2left_106.png,1,1,0,0,1,0,0,0.0,106
647,647,2left_107.png,1,1,0,0,1,0,0,0.0,107
648,648,2left_108.png,1,0,0,1,1,0,0,0.0,108
649,649,2left_109.png,1,1,0,0,1,0,0,0.0,109
650,650,2left_11.png,1,1,0,0,1,0,0,0.0,11
651,651,2left_110.png,1,1,0,0,0,0,0,0.0,110
652,652,2left_111.png,1,1,0,1,1,0,0,0.0,111
653,653,2left_112.png,1,1,0,0,0,0,0,0.0,112
654,654,2left_113.png,1,1,0,0,1,0,0,0.0,113
655,655,2left_114.png,1,1,0,1,1,0,0,0.0,114
656,656,2left_115.png,1,1,0,0,1,0,0,0.0,115
657,657,2left_116.png,1,1,0,1,1,0,0,0.0,116
658,658,2left_117.png,1,1,0,0,1,0,0,0.0,117
659,659,2left_118.png,1,1,0,1,1,0,0,0.0,118
660,660,2left_119.png,1,1,0,0,0,0,0,0.0,119
661,661,2left_12.png,1,1,1,1,1,0,0,0.0,12
662,662,2left_121.png,1,1,0,0,1,0,0,0.0,121
663,663,2left_122.png,1,1,0,0,0,0,0,0.0,122
664,664,2left_123.png,1,1,0,0,1,0,0,0.0,123
665,665,2left_124.png,1,1,1,0,1,0,0,0.0,124
666,666,2left_125.png,1,1,0,0,1,0,0,0.0,125
667,667,2left_126.png,1,1,0,0,1,0,0,0.0,126
668,668,2left_127.png,0,1,0,0,0,0,0,0.0,127
669,669,2left_128.png,0,0,0,1,1,0,0,0.0,128
670,670,2left_129.png,0,1,0,0,0,0,0,0.0,129
671,671,2left_13.png,1,1,0,0,1,0,0,0.0,13
672,672,2left_130.png,1,1,0,0,1,0,0,1.0,130
673,673,2left_131.png,1,1,0,0,1,1,0,0.0,131
674,674,2left_132.png,0,0,0,0,0,1,0,0.0,132
675,675,2left_133.png,0,1,0,0,0,0,0,0.0,133
676,676,2left_134.png,1,1,0,0,1,0,0,0.0,134
677,677,2left_135.png,0,1,0,0,0,0,0,0.0,135
678,678,2left_136.png,1,1,0,0,1,0,0,0.0,136
679,679,2left_137.png,1,1,0,0,1,0,0,0.0,137
680,680,2left_138.png,1,1,1,0,1,0,0,0.0,138
681,681,2left_139.png,0,1,0,0,0,0,0,0.0,139
682,682,2left_14.png,1,1,0,0,0,0,0,1.0,14
683,683,2left_140.png,0,0,0,0,1,1,0,0.0,140
684,684,2left_141.png,0,1,0,0,1,0,0,0.0,141
685,685,2left_142.png,1,1,0,0,0,0,0,0.0,142
686,686,2left_143.png,1,1,0,0,1,0,0,0.0,143
687,687,2left_144.png,1,1,0,0,1,0,0,0.0,144
688,688,2left_145.png,1,1,0,0,0,0,0,0.0,145
689,689,2left_146.png,1,1,0,0,0,0,0,0.0,146
690,690,2left_147.png,0,0,0,1,1,0,0,0.0,147
691,691,2left_148.png,1,1,0,0,1,0,0,0.0,148
692,692,2left_149.png,1,1,0,0,0,0,0,0.0,149
693,693,2left_15.png,1,1,0,0,1,0,0,0.0,15
694,694,2left_150.png,1,1,0,0,1,0,0,0.0,150
695,695,2left_151.png,0,1,0,0,1,0,0,0.0,151
696,696,2left_152.png,1,0,1,1,1,0,0,0.0,152
697,697,2left_153.png,1,1,0,0,1,0,0,0.0,153
698,698,2left_154.png,1,1,0,0,0,0,0,1.0,154
699,699,2left_155.png,1,1,0,0,1,0,0,0.0,155
700,700,2left_156.png,1,1,0,0,0,0,0,1.0,156
701,701,2left_157.png,0,1,0,0,0,0,0,0.0,157
702,702,2left_158.png,1,1,0,0,0,0,0,0.0,158
703,703,2left_159.png,1,0,1,0,1,0,0,0.0,159
704,704,2left_16.png,1,1,0,0,0,0,0,0.0,16
705,705,2left_160.png,1,0,0,0,1,0,0,0.0,160
706,706,2left_161.png,1,1,0,0,1,0,0,0.0,161
707,707,2left_162.png,1,1,0,1,1,0,0,0.0,162
708,708,2left_163.png,1,1,0,1,1,0,0,0.0,163
709,709,2left_164.png,0,1,0,0,1,0,0,0.0,164
710,710,2left_165.png,1,1,0,1,1,0,0,0.0,165
711,711,2left_166.png,1,1,0,0,1,0,0,1.0,166
712,712,2left_167.png,1,1,0,0,1,0,0,0.0,167
713,713,2left_168.png,1,1,0,0,1,0,0,0.0,168
714,714,2left_169.png,1,1,0,0,1,0,0,0.0,169
715,715,2left_17.png,0,1,0,0,1,0,0,0.0,17
716,716,2left_170.png,1,1,0,0,0,0,0,0.0,170
717,717,2left_171.png,1,1,0,0,1,0,0,0.0,171
718,718,2left_172.png,0,0,0,0,0,1,0,0.0,172
719,719,2left_173.png,1,1,1,0,1,0,0,0.0,173
720,720,2left_174.png,1,1,0,0,1,0,0,0.0,174
721,721,2left_175.png,1,1,0,0,0,0,0,0.0,175
722,722,2left_176.png,1,1,0,0,1,0,0,0.0,176
723,723,2left_177.png,1,1,0,0,1,0,0,0.0,177
724,724,2left_178.png,1,1,0,0,0,0,0,1.0,178
725,725,2left_179.png,1,1,0,0,0,0,0,0.0,179
726,726,2left_18.png,0,1,0,0,0,0,0,0.0,18
727,727,2left_180.png,1,1,0,0,1,0,0,0.0,180
728,728,2left_181.png,1,1,0,0,1,0,0,0.0,181
729,729,2left_182.png,1,1,0,0,1,0,0,0.0,182
730,730,2left_183.png,1,1,1,0,1,0,0,0.0,183
731,731,2left_184.png,1,1,0,0,1,0,0,0.0,184
732,732,2left_185.png,1,1,0,0,1,0,0,0.0,185
733,733,2left_186.png,1,1,0,0,1,0,0,0.0,186
734,734,2left_187.png,1,0,0,0,1,0,0,0.0,187
735,735,2left_188.png,1,1,0,0,1,1,0,0.0,188
736,736,2left_189.png,1,1,0,0,1,0,0,0.0,189
737,737,2left_19.png,1,1,0,0,0,0,0,0.0,19
738,738,2left_190.png,1,1,0,0,1,0,0,0.0,190
739,739,2left_191.png,1,1,0,0,0,0,0,0.0,191
740,740,2left_192.png,1,1,0,0,0,0,0,0.0,192
741,741,2left_193.png,1,1,0,0,1,0,0,0.0,193
742,742,2left_194.png,1,1,0,0,1,0,0,0.0,194
743,743,2left_195.png,1,1,0,0,1,0,0,0.0,195
744,744,2left_196.png,1,1,0,1,1,0,0,0.0,196
745,745,2left_197.png,1,0,0,0,1,0,0,0.0,197
746,746,2left_198.png,0,0,0,0,1,0,0,0.0,198
747,747,2left_199.png,1,1,0,0,1,0,1,1.0,199
748,748,2left_2.png,1,1,0,0,1,0,0,0.0,2
749,749,2left_20.png,0,1,0,0,0,0,0,0.0,20
750,750,2left_200.png,1,1,1,1,1,0,0,0.0,200
751,751,2left_201.png,1,1,0,0,1,0,0,0.0,201
752,752,2left_202.png,1,1,0,0,0,0,0,0.0,202
753,753,2left_203.png,1,1,0,0,1,0,0,0.0,203
754,754,2left_204.png,1,0,1,1,1,0,0,0.0,204
755,755,2left_205.png,1,1,0,0,0,0,0,0.0,205
756,756,2left_206.png,1,1,0,0,0,0,0,0.0,206
757,757,2left_207.png,1,1,0,0,1,0,0,0.0,207
758,758,2left_208.png,0,1,0,0,1,0,0,0.0,208
759,759,2left_209.png,1,0,0,0,1,0,0,0.0,209
760,760,2left_21.png,1,1,0,0,0,0,0,0.0,21
761,761,2left_210.png,1,1,0,0,1,0,0,1.0,210
762,762,2left_211.png,1,1,0,0,1,0,0,0.0,211
763,763,2left_212.png,1,1,0,0,1,0,0,0.0,212
764,764,2left_213.png,1,1,1,0,1,0,0,0.0,213
765,765,2left_214.png,1,0,0,0,1,0,0,0.0,214
766,766,2left_215.png,1,1,0,0,0,0,0,0.0,215
767,767,2left_216.png,1,1,0,0,1,0,0,0.0,216
768,768,2left_217.png,1,1,0,0,1,0,0,0.0,217
769,769,2left_218.png,1,1,0,1,1,0,0,0.0,218
770,770,2left_219.png,1,0,0,1,1,0,0,0.0,219
771,771,2left_22.png,1,1,0,0,1,0,0,0.0,22
772,772,2left_220.png,1,1,0,0,1,0,0,0.0,220
773,773,2left_222.png,1,1,0,0,1,0,0,0.0,222
774,774,2left_223.png,1,1,0,1,1,0,0,0.0,223
775,775,2left_224.png,0,0,0,0,0,1,0,0.0,224
776,776,30left_139.png,1,1,1,1,1,1,1,1.0,3139
777,777,30left_150.png,1,1,1,1,1,1,1,1.0,3150
778,778,3left_1.png,1,1,0,0,0,0,0,1.0,1
779,779,3left_10.png,1,1,0,0,0,0,0,1.0,10
780,780,3left_100.png,1,1,0,0,0,0,0,1.0,100
781,781,3left_101.png,0,1,0,0,1,0,0,0.0,101
782,782,3left_102.png,1,1,0,0,0,0,0,0.0,102
783,783,3left_103.png,1,1,0,0,0,0,0,0.0,103
784,784,3left_104.png,1,1,0,0,1,0,0,0.0,104
785,785,3left_105.png,1,1,0,0,1,0,0,0.0,105
786,786,3left_106.png,1,1,0,1,1,0,0,0.0,106
787,787,3left_107.png,1,1,0,1,1,0,0,0.0,107
788,788,3left_108.png,1,0,0,1,1,0,0,0.0,108
789,789,3left_109.png,1,1,0,0,1,0,0,0.0,109
790,790,3left_11.png,1,1,0,0,1,0,0,0.0,11
791,791,3left_110.png,1,1,0,0,0,0,0,0.0,110
792,792,3left_111.png,1,1,1,1,1,0,0,0.0,111
793,793,3left_112.png,1,1,0,0,0,0,0,1.0,112
794,794,3left_113.png,1,1,0,0,1,0,0,0.0,113
795,795,3left_114.png,1,1,0,1,1,1,0,0.0,114
796,796,3left_115.png,1,1,0,0,1,0,0,0.0,115
797,797,3left_116.png,1,1,0,0,1,0,0,0.0,116
798,798,3left_117.png,1,1,1,0,1,0,0,0.0,117
799,799,3left_118.png,1,0,1,1,1,0,0,0.0,118
800,800,3left_119.png,1,1,0,0,1,0,0,0.0,119
801,801,3left_12.png,1,1,1,1,1,0,0,0.0,12
802,802,3left_121.png,1,1,0,0,1,1,0,0.0,121
803,803,3left_122.png,1,1,0,0,0,0,0,1.0,122
804,804,3left_123.png,1,1,0,0,1,0,0,0.0,123
805,805,3left_124.png,1,1,1,1,1,0,0,0.0,124
806,806,3left_125.png,1,1,0,0,1,0,0,1.0,125
807,807,3left_126.png,1,1,0,0,1,0,0,0.0,126
808,808,3left_127.png,0,1,0,0,0,0,0,0.0,127
809,809,3left_128.png,1,0,0,1,1,0,0,0.0,128
810,810,3left_129.png,1,1,0,1,1,0,0,0.0,129
811,811,3left_13.png,1,1,0,0,1,0,0,0.0,13
812,812,3left_130.png,1,1,0,0,1,0,0,1.0,130
813,813,3left_131.png,1,1,0,0,1,1,0,0.0,131
814,814,3left_132.png,1,1,0,0,0,0,0,0.0,132
815,815,3left_133.png,1,1,0,0,0,0,0,0.0,133
816,816,3left_134.png,1,1,0,0,1,1,0,0.0,134
817,817,3left_135.png,0,1,0,0,0,0,0,1.0,135
818,818,3left_136.png,1,1,0,0,1,0,0,0.0,136
819,819,3left_137.png,1,1,0,0,1,0,0,0.0,137
820,820,3left_138.png,1,1,1,0,1,0,0,0.0,138
821,821,3left_139.png,1,1,0,0,1,0,0,0.0,139
822,822,3left_14.png,1,1,0,0,1,0,0,1.0,14
823,823,3left_140.png,0,0,0,0,1,1,0,0.0,140
824,824,3left_141.png,1,1,0,0,1,0,0,0.0,141
825,825,3left_142.png,1,1,0,0,0,0,0,1.0,142
826,826,3left_143.png,1,1,0,0,1,0,0,0.0,143
827,827,3left_144.png,1,1,0,1,1,0,0,0.0,144
828,828,3left_145.png,1,1,0,0,1,0,0,0.0,145
829,829,3left_146.png,1,1,0,0,0,0,0,1.0,146
830,830,3left_147.png,0,0,0,1,1,0,0,0.0,147
831,831,3left_148.png,1,1,0,0,1,0,0,0.0,148
832,832,3left_149.png,1,1,0,0,1,0,0,0.0,149
833,833,3left_15.png,1,1,0,0,1,0,0,1.0,15
834,834,3left_150.png,1,1,0,0,1,0,0,0.0,150
835,835,3left_151.png,0,1,0,0,1,0,0,0.0,151
836,836,3left_152.png,1,0,1,1,1,0,0,0.0,152
837,837,3left_153.png,1,1,0,0,1,1,0,0.0,153
838,838,3left_154.png,1,1,0,0,0,0,0,1.0,154
839,839,3left_155.png,1,1,1,0,1,0,0,0.0,155
840,840,3left_156.png,1,1,0,0,1,0,0,1.0,156
841,841,3left_157.png,0,1,0,0,0,0,0,0.0,157
842,842,3left_158.png,1,1,0,0,0,0,0,1.0,158
843,843,3left_159.png,1,1,1,0,1,0,0,0.0,159
844,844,3left_16.png,1,1,0,0,0,0,0,0.0,16
845,845,3left_160.png,1,0,1,1,1,0,0,0.0,160
846,846,3left_161.png,1,1,0,0,1,0,0,0.0,161
847,847,3left_162.png,1,1,0,0,1,1,0,0.0,162
848,848,3left_163.png,1,1,1,1,1,0,0,0.0,163
849,849,3left_164.png,1,1,0,0,1,0,0,0.0,164
850,850,3left_165.png,1,1,1,1,1,0,0,0.0,165
851,851,3left_166.png,1,1,0,0,1,0,0,1.0,166
852,852,3left_167.png,1,1,0,0,1,0,0,0.0,167
853,853,3left_168.png,1,1,0,1,1,0,0,0.0,168
854,854,3left_169.png,1,1,0,0,1,0,0,0.0,169
855,855,3left_17.png,1,1,0,0,1,0,0,0.0,17
856,856,3left_170.png,1,1,0,0,1,0,0,0.0,170
857,857,3left_171.png,1,1,0,0,1,0,0,0.0,171
858,858,3left_172.png,0,0,0,0,1,1,0,0.0,172
859,859,3left_173.png,1,1,1,0,1,0,0,0.0,173
860,860,3left_174.png,1,1,0,0,1,0,0,0.0,174
861,861,3left_175.png,1,1,0,1,1,0,0,0.0,175
862,862,3left_176.png,1,1,0,0,1,0,0,0.0,176
863,863,3left_177.png,1,1,0,0,1,0,0,0.0,177
864,864,3left_178.png,1,1,0,0,0,0,0,0.0,178
865,865,3left_179.png,1,1,0,0,1,0,0,0.0,179
866,866,3left_18.png,0,1,0,0,0,0,0,0.0,18
867,867,3left_180.png,1,1,0,0,1,1,0,0.0,180
868,868,3left_181.png,1,1,0,0,1,0,0,0.0,181
869,869,3left_182.png,1,1,0,0,1,0,0,0.0,182
870,870,3left_183.png,1,1,1,0,1,0,0,0.0,183
871,871,3left_184.png,1,1,0,1,1,0,0,0.0,184
872,872,3left_185.png,1,1,0,1,1,0,0,0.0,185
873,873,3left_186.png,1,1,0,1,1,0,0,0.0,186
874,874,3left_187.png,1,0,0,1,1,0,0,0.0,187
875,875,3left_188.png,1,1,0,0,1,1,0,0.0,188
876,876,3left_189.png,1,1,0,1,1,0,0,0.0,189
877,877,3left_19.png,1,1,0,0,0,0,0,0.0,19
878,878,3left_190.png,1,1,0,0,1,0,0,0.0,190
879,879,3left_191.png,1,1,0,0,1,0,0,0.0,191
880,880,3left_192.png,1,1,0,0,1,0,0,0.0,192
881,881,3left_193.png,1,1,0,1,1,1,0,0.0,193
882,882,3left_194.png,1,1,0,0,1,0,0,0.0,194
883,883,3left_195.png,1,1,0,1,1,0,0,1.0,195
884,884,3left_196.png,1,0,0,0,1,0,0,0.0,196
885,885,3left_197.png,0,0,0,0,1,0,0,0.0,197
886,886,3left_198.png,1,1,0,0,1,1,1,1.0,198
887,887,3left_199.png,1,1,1,0,1,0,0,0.0,199
888,888,3left_2.png,1,1,0,1,1,0,0,0.0,2
889,889,3left_20.png,0,1,0,0,0,0,0,0.0,20
890,890,3left_200.png,1,1,1,1,1,0,0,0.0,200
891,891,3left_201.png,1,1,0,0,1,0,0,1.0,201
892,892,3left_202.png,1,1,0,0,0,0,0,0.0,202
893,893,3left_203.png,1,1,0,0,1,0,0,0.0,203
894,894,3left_204.png,1,1,0,1,1,0,0,0.0,204
895,895,3left_205.png,1,1,0,0,1,0,0,0.0,205
896,896,3left_206.png,1,1,0,0,1,0,0,0.0,206
897,897,3left_207.png,1,1,0,0,1,1,0,0.0,207
898,898,3left_208.png,1,1,0,0,1,0,0,0.0,208
899,899,3left_209.png,1,0,1,1,1,0,0,0.0,209
900,900,3left_21.png,1,1,0,0,1,0,0,0.0,21
901,901,3left_210.png,1,1,0,0,1,0,0,0.0,210
902,902,3left_211.png,1,1,0,0,1,1,0,0.0,211
903,903,3left_212.png,1,1,0,0,1,0,0,0.0,212
904,904,3left_213.png,1,1,0,0,1,0,0,0.0,213
905,905,3left_214.png,1,1,0,0,1,0,0,0.0,214
906,906,3left_215.png,1,1,0,0,0,0,0,0.0,215
907,907,3left_216.png,1,1,0,1,1,0,0,0.0,216
908,908,3left_219.png,1,1,0,1,1,0,0,0.0,219
909,909,3left_22.png,1,1,0,1,1,0,0,0.0,22
910,910,3left_222.png,1,1,0,0,1,0,0,0.0,222
911,911,3left_223.png,1,1,0,0,1,0,0,0.0,223
912,912,3left_224.png,1,1,0,1,1,0,0,0.0,224
913,913,4left_1.png,0,0,0,0,0,1,0,0.0,1
914,914,4left_10.png,1,1,0,0,0,0,0,1.0,10
915,915,4left_100.png,1,1,0,0,1,0,0,1.0,100
916,916,4left_101.png,1,1,0,0,0,0,0,1.0,101
917,917,4left_102.png,0,1,0,0,1,0,0,0.0,102
918,918,4left_103.png,1,1,0,0,1,0,0,0.0,103
919,919,4left_104.png,1,1,1,1,1,0,0,0.0,104
920,920,4left_105.png,1,1,0,1,1,0,0,0.0,105
921,921,4left_106.png,1,1,0,0,1,0,0,0.0,106
922,922,4left_107.png,1,1,1,1,1,0,0,0.0,107
923,923,4left_108.png,1,1,0,1,1,1,0,0.0,108
924,924,4left_109.png,1,0,1,1,1,0,1,0.0,109
925,925,4left_11.png,1,1,0,1,1,0,1,0.0,11
926,926,4left_110.png,1,1,0,1,1,0,1,0.0,110
927,927,4left_111.png,1,1,0,0,0,0,0,1.0,111
928,928,4left_112.png,1,1,1,1,1,0,1,0.0,112
929,929,4left_113.png,1,1,0,0,1,0,1,0.0,113
930,930,4left_114.png,1,1,0,0,0,0,0,1.0,114
931,931,4left_115.png,1,1,0,0,1,0,1,0.0,115
932,932,4left_116.png,1,1,0,1,1,1,1,0.0,116
933,933,4left_117.png,1,1,0,0,1,0,1,0.0,117
934,934,4left_118.png,1,1,0,0,1,0,1,1.0,118
935,935,4left_12.png,1,0,1,1,1,0,1,0.0,12
936,936,4left_121.png,1,1,0,0,1,0,1,0.0,121
937,937,4left_122.png,1,1,0,0,1,1,1,0.0,122
938,938,4left_123.png,1,1,0,0,1,1,1,0.0,123
939,939,4left_124.png,1,1,0,0,1,0,0,0.0,124
940,940,4left_125.png,1,1,1,1,1,0,1,0.0,125
941,941,4left_126.png,1,1,0,1,1,0,1,1.0,126
942,942,4left_127.png,1,1,0,1,1,0,1,0.0,127
943,943,4left_128.png,1,1,0,0,0,0,0,0.0,128
944,944,4left_129.png,1,1,0,1,1,0,1,0.0,129
945,945,4left_13.png,1,1,0,1,1,0,0,0.0,13
946,946,4left_130.png,1,1,0,0,1,0,1,0.0,130
947,947,4left_131.png,1,1,0,0,1,0,1,1.0,131
948,948,4left_132.png,1,1,0,0,1,1,1,1.0,132
949,949,4left_133.png,1,1,0,1,1,0,1,0.0,133
950,950,4left_134.png,1,1,0,1,1,1,1,0.0,134
951,951,4left_135.png,1,1,0,0,0,0,0,0.0,135
952,952,4left_136.png,1,1,1,1,1,0,1,0.0,136
953,953,4left_137.png,1,1,0,1,1,0,1,0.0,137
954,954,4left_138.png,1,1,1,1,1,0,1,1.0,138
955,955,4left_139.png,1,1,0,1,1,0,1,0.0,139
956,956,4left_14.png,1,1,0,1,1,0,1,1.0,14
957,957,4left_140.png,1,1,0,1,1,1,1,0.0,140
958,958,4left_141.png,1,1,0,1,1,0,1,0.0,141
959,959,4left_142.png,1,1,0,0,0,0,0,1.0,142
960,960,4left_143.png,1,1,0,1,1,0,1,0.0,143
961,961,4left_144.png,1,1,0,1,1,1,1,0.0,144
962,962,4left_146.png,1,1,1,0,0,0,1,1.0,146
963,963,4left_147.png,1,0,0,1,1,0,1,0.0,147
964,964,4left_148.png,1,1,0,1,1,0,1,1.0,148
965,965,4left_149.png,1,1,0,0,0,0,0,0.0,149
966,966,4left_15.png,1,1,0,1,1,1,1,1.0,15
967,967,4left_150.png,1,1,0,1,1,0,1,0.0,150
968,968,4left_151.png,1,1,0,0,1,0,1,0.0,151
969,969,4left_152.png,1,1,1,1,1,0,1,0.0,152
970,970,4left_153.png,1,1,0,1,1,0,1,0.0,153
971,971,4left_154.png,1,1,0,0,1,0,1,1.0,154
972,972,4left_155.png,1,1,1,0,1,0,1,0.0,155
973,973,4left_156.png,1,1,0,1,1,1,1,0.0,156
974,974,4left_157.png,0,1,0,0,0,0,0,0.0,157
975,975,4left_158.png,1,1,0,0,0,0,0,1.0,158
976,976,4left_159.png,1,1,1,0,1,0,1,0.0,159
977,977,4left_16.png,1,1,0,0,0,0,0,1.0,16
978,978,4left_160.png,1,0,1,1,1,0,1,0.0,160
979,979,4left_161.png,1,1,0,1,1,0,1,0.0,161
980,980,4left_162.png,1,1,0,1,1,1,1,0.0,162
981,981,4left_163.png,1,1,1,1,1,0,1,1.0,163
982,982,4left_164.png,1,1,0,1,1,0,1,0.0,164
983,983,4left_165.png,1,1,1,1,1,0,1,1.0,165
984,984,4left_166.png,1,1,0,1,1,0,1,1.0,166
985,985,4left_167.png,1,1,0,1,1,0,1,0.0,167
986,986,4left_168.png,1,1,0,1,1,0,1,0.0,168
987,987,4left_169.png,1,1,0,1,1,1,1,0.0,169
988,988,4left_17.png,1,1,1,0,1,0,1,0.0,17
989,989,4left_170.png,1,1,0,1,1,0,1,0.0,170
990,990,4left_171.png,1,1,0,1,1,0,1,0.0,171
991,991,4left_172.png,0,0,0,0,1,1,0,0.0,172
992,992,4left_173.png,1,1,1,0,1,0,1,0.0,173
993,993,4left_174.png,1,1,0,1,1,0,1,0.0,174
994,994,4left_175.png,1,1,0,1,1,0,1,0.0,175
995,995,4left_176.png,1,1,0,0,1,0,1,1.0,176
996,996,4left_177.png,1,1,0,1,1,1,1,0.0,177
997,997,4left_178.png,1,1,0,0,0,0,0,1.0,178
998,998,4left_18.png,1,1,0,0,1,0,1,0.0,18
999,999,4left_180.png,1,1,0,1,1,1,1,0.0,180
1000,1000,4left_181.png,1,1,0,0,1,0,0,0.0,181
1001,1001,4left_182.png,1,1,0,1,1,0,1,0.0,182
1002,1002,4left_183.png,1,1,1,1,1,0,1,0.0,183
1003,1003,4left_184.png,1,1,0,1,1,0,1,1.0,184
1004,1004,4left_185.png,1,1,0,1,1,0,1,0.0,185
1005,1005,4left_186.png,1,1,1,1,1,0,1,0.0,186
1006,1006,4left_187.png,1,0,0,1,1,0,1,0.0,187
1007,1007,4left_188.png,1,1,0,0,1,0,1,0.0,188
1008,1008,4left_189.png,1,1,0,1,1,0,1,0.0,189
1009,1009,4left_19.png,1,1,0,0,1,0,1,0.0,19
1010,1010,4left_190.png,1,1,0,1,1,0,1,0.0,190
1011,1011,4left_191.png,1,1,0,0,1,0,1,0.0,191
1012,1012,4left_192.png,1,1,0,0,1,0,1,0.0,192
1013,1013,4left_193.png,1,1,0,1,1,1,1,0.0,193
1014,1014,4left_194.png,1,1,1,0,1,0,1,0.0,194
1015,1015,4left_195.png,1,1,0,1,1,1,1,1.0,195
1016,1016,4left_196.png,1,0,1,0,1,0,1,0.0,196
1017,1017,4left_197.png,0,0,0,1,1,0,0,0.0,197
1018,1018,4left_198.png,1,1,0,1,1,1,1,1.0,198
1019,1019,4left_199.png,1,1,1,0,1,0,1,0.0,199
1020,1020,4left_2.png,1,1,0,1,1,0,1,0.0,2
1021,1021,4left_20.png,1,1,0,0,0,0,0,0.0,20
1022,1022,4left_200.png,1,1,1,1,1,0,1,0.0,200
1023,1023,4left_201.png,1,1,0,1,1,0,1,1.0,201
1024,1024,4left_202.png,1,1,0,0,0,0,1,1.0,202
1025,1025,4left_203.png,1,1,0,1,1,0,1,0.0,203
1026,1026,4left_204.png,1,1,0,1,1,0,1,0.0,204
1027,1027,4left_205.png,1,1,1,0,1,0,1,0.0,205
1028,1028,4left_206.png,1,1,0,1,1,0,1,0.0,206
1029,1029,4left_207.png,1,1,0,0,1,1,1,0.0,207
1030,1030,4left_208.png,1,1,1,0,1,0,1,0.0,208
1031,1031,4left_209.png,1,0,0,1,1,0,1,0.0,209
1032,1032,4left_21.png,1,1,0,1,1,0,1,0.0,21
1033,1033,4left_210.png,1,1,1,0,1,0,1,0.0,210
1034,1034,4left_211.png,1,1,0,0,1,1,1,0.0,211
1035,1035,4left_212.png,1,1,0,1,1,0,1,0.0,212
1036,1036,4left_213.png,1,1,1,1,1,0,1,0.0,213
1037,1037,4left_215.png,1,1,0,0,1,0,0,0.0,215
1038,1038,4left_216.png,1,1,0,0,0,0,0,0.0,216
1039,1039,4left_217.png,1,1,0,1,1,0,0,0.0,217
1040,1040,4left_219.png,1,1,0,1,1,0,1,0.0,219
1041,1041,4left_22.png,1,1,1,1,1,0,1,0.0,22
1042,1042,4left_220.png,1,1,0,1,1,0,1,0.0,220
1043,1043,4left_221.png,0,0,1,0,1,1,0,0.0,221
1044,1044,4left_222.png,1,1,1,0,1,0,0,0.0,222
1045,1045,4left_223.png,1,1,0,1,1,0,1,0.0,223
1046,1046,4left_224.png,0,0,0,0,0,1,0,0.0,224
